commit_date,total_churn,commit_count
2024-01-09,12669,1
2024-06-24,6288,6
2024-06-25,446,5
2024-07-01,807,17
2024-07-02,9778,8
2024-07-03,139,6
2024-07-05,151,6
2024-07-10,193,7
2024-07-11,1516,4
2024-07-12,92,1
2024-07-16,246,4
2024-07-17,187,11
2024-07-18,1848,2
2024-07-19,118,3
2024-07-20,60,1
2024-07-21,961,9
2024-07-22,109,3
2024-07-23,810,5
2024-07-24,1151,17
2024-07-25,825,18
2024-07-26,187,2
2024-07-29,763,10
2024-07-30,112,5
2024-07-31,97,2
2024-08-02,158,6
2024-08-03,241,4
2024-08-04,102,9
2024-08-05,752,11
2024-08-06,4448,14
2024-08-07,183,7
2024-08-08,1,1
2024-08-09,89,2
2024-08-12,444,6
2024-08-13,374,6
2024-08-14,596,12
2024-08-19,5,1
2024-08-20,150,2
2024-08-21,255,4
2024-08-22,332,7
2024-08-26,16,1
2024-08-27,151,2
2024-08-28,475,8
2024-08-29,84,2
2024-08-30,300,5
2024-09-02,337,5
2024-09-03,357,7
2024-09-04,7,1
2024-09-05,108,4
2024-09-06,114,2
2024-09-09,761,8
2024-09-10,248,4
2024-09-11,84,5
2024-09-15,7594,4
2024-09-16,314,9
2024-09-17,188,11
2024-09-18,384,2
2024-09-19,339,5
2024-09-20,9,3
2024-09-23,942,14
2024-09-24,707,6
2024-09-25,199,7
2024-09-26,4,2
2024-09-27,472,11
2024-10-02,110,1
2024-10-09,2846,10
2024-10-11,62,3
2024-10-13,139,2
2024-10-14,460,5
2024-10-15,4,1
2024-10-25,160,3
2024-11-03,27,4
2024-11-04,534,14
2024-11-05,901,1
2024-11-06,368,2
2024-11-07,1046,1
2024-11-08,1604,6
2024-11-11,94,2
2024-11-12,25,2
2024-11-13,294,8
2024-11-15,51,6
2024-11-16,673,9
2024-11-17,568,12
2024-11-18,218,6
2024-11-19,4,1
2024-11-21,103,1
2024-11-22,7055,4
2024-11-25,4210,8
2024-11-26,12,1
2024-11-27,69,2
2024-11-28,7821,10
2024-11-29,147,7
2024-12-01,285,4
2024-12-02,902,14
2024-12-03,393,14
2024-12-04,172,5
2024-12-05,179,4
2024-12-06,1291,9
2024-12-08,5,3
2024-12-09,30,1
2024-12-10,5,1
2024-12-12,149,3
2024-12-13,828,5
2024-12-16,3101,4
2024-12-17,5958,6
2024-12-18,360,2
2024-12-20,1442,4
2024-12-23,2722,2
2024-12-24,156,1
2024-12-28,20,1
2024-12-31,4,1
2025-01-03,44,1
2025-01-07,458,1
2025-01-09,16,1
2025-01-13,293,10
2025-01-14,103,4
2025-01-16,1363,9
2025-01-18,12,1
2025-01-20,4121,11
2025-01-21,155,2
2025-01-22,310,5
2025-01-27,91,2
2025-01-28,314,1
2025-01-29,74,2
2025-01-31,975,15
2025-02-01,86,2
2025-02-04,157,3
2025-02-05,194,5
2025-02-10,36496,6
2025-02-11,279,8
2025-02-12,67,5
2025-02-13,147,1
2025-02-14,247,5
2025-02-15,167,1
2025-02-18,2646,4
2025-02-19,483,3
2025-02-20,9,2
2025-02-21,137,5
2025-02-22,174,4
2025-02-24,192,3
2025-02-25,243,5
2025-02-26,185,4
2025-02-27,69,3
2025-02-28,162,4
2025-03-03,1805,8
2025-03-04,1059,9
2025-03-05,396,13
2025-03-06,589,5
2025-03-07,86,2
2025-03-10,1944,5
2025-03-11,52,2
2025-03-13,235,7
2025-03-15,1985,3
2025-03-16,4,2
2025-03-17,132,1
2025-03-18,18,2
2025-03-21,124,3
2025-03-24,181,10
2025-03-25,6573,7
2025-03-28,1225,6
2025-03-29,4,1
2025-03-30,850,5
2025-03-31,103,2
2025-04-03,204,6
2025-04-04,1126,16
2025-04-07,623,8
2025-04-08,22,1
2025-04-10,1277,13
2025-04-11,294,5
2025-04-14,1798,4
2025-04-15,488,5
2025-04-16,279,16
2025-04-17,478,7
2025-04-18,17,3
2025-04-22,1660,14
2025-04-23,921,7
2025-04-24,282,6
2025-04-25,143,3
2025-04-28,293,11
2025-04-29,119,4
2025-04-30,449,5
2025-05-01,28,2
2025-05-02,2,1
2025-05-03,24,1
2025-05-05,87,3
2025-05-06,39,1
2025-05-12,4968,4
2025-05-13,2098,4
2025-05-14,23,1
2025-05-15,14,4
2025-05-16,183,4
2025-05-19,18,2
2025-05-20,14,4
2025-05-21,2,1
2025-05-23,308,3
2025-05-26,412,9
2025-05-27,67,6
2025-05-28,15,1
2025-06-02,283,5
2025-06-03,181,5
2025-06-05,249,1
2025-06-06,242,5
2025-06-09,232,4
2025-06-10,12,1
2025-06-11,39,2
2025-06-12,33,2
2025-06-20,709,4
2025-06-22,22,1
2025-06-23,122,6
2025-06-24,390,9
2025-06-25,101,5
2025-06-26,1130,11
2025-06-30,522,14
2025-07-01,752,6
2025-07-02,5,1
2025-07-04,57,2
2025-07-07,4554,3
2025-07-08,278,7
2025-07-09,9,1
2025-07-10,72,6
2025-07-11,449,13
2025-07-14,373,3
2025-07-15,259,2
2025-07-16,430,4
2025-07-17,215,6
2025-07-18,79,7
2025-07-20,16,2
2025-07-21,24,2
2025-07-23,52,3
2025-07-24,146,4
2025-07-25,684,2
2025-07-31,54,3
2025-08-01,867,8
2025-08-05,756,10
2025-08-07,720,2
2025-08-08,220,3
2025-08-09,573,3
2025-08-10,156,4
2025-08-11,682,16
2025-08-12,415,5
2025-08-13,229,5
2025-08-14,779,3
2025-08-19,423,2
2025-08-20,131,2
2025-08-21,1719,18
2025-08-22,565,21
2025-08-23,32,3
2025-08-25,153,4
2025-08-26,1113,7
2025-08-27,639,6
2025-08-28,516,11
2025-08-29,16,1
2025-09-01,62,1
2025-09-02,291,5
2025-09-03,48,2
2025-09-04,387,5
2025-09-05,27,4
2025-09-08,439,11
2025-09-09,572,11
2025-09-10,38,4
2025-09-12,72,1
2025-09-15,64,3
2025-09-16,4,2
2025-09-17,680,10
2025-09-18,54,5
2025-09-19,7,1
2025-09-25,128,1
2025-09-29,740,10
2025-09-30,85,2
2025-10-01,4,2
2025-10-02,1853,5
2025-10-03,475,1
2025-10-06,57,4
2025-10-09,120,2
2025-10-10,48,2
2025-10-12,26,2
2025-10-14,8,2
2025-10-16,302,6
2025-10-17,20,1
2025-10-20,35,2
2025-10-22,394,9
2025-10-23,75,5
2025-10-24,71,1
2025-11-10,78,1
2025-11-13,1223,12
2025-11-14,24,1
2025-11-15,0,1
2025-11-18,35,2
2025-11-20,381,1
2025-11-24,410,2
2025-12-03,2,1
2025-12-09,6,2
2025-12-10,514,7
2025-12-11,437,10
2025-12-12,1484,7
2025-12-15,175,5
2025-12-16,24,3
2025-12-17,849,10
2025-12-19,12,2
2025-12-21,4,1
2025-12-22,32,2
2025-12-26,92,4
2025-12-28,15,2
2025-12-29,321,5
2025-12-30,355,4
2025-12-31,2340,10
2026-01-01,223,1
2026-01-02,606,5
2026-01-03,70,2
2026-01-04,152,5
2026-01-05,96,5
2026-01-06,529,12
2026-01-07,513,10
2026-01-08,277,6
2026-01-09,39,3
2026-01-10,34,1
2026-01-13,45,2
2026-01-14,6,2
2026-01-16,239,7
2026-01-19,12,2
2026-01-20,13,1
2026-01-22,144,1
2026-01-23,295,4
2026-01-24,2,1
2026-01-25,74,3
2026-01-26,289,3
2026-01-27,191,8
2026-01-28,555,6
2026-01-29,5,1
2026-01-30,149,3
2026-02-02,86,2
2026-02-03,2,1
2026-02-04,19,5
2026-02-05,480,3
2026-02-06,1,1
2026-02-07,71,2
2026-02-08,566,5
2026-02-09,389,6
2026-02-10,117,2
2026-02-11,7,2
2026-02-12,90,2
2026-02-18,1186,5
2026-02-19,159,12
2026-02-20,209,6
2026-02-21,32,2
2026-02-23,4530,10
2026-02-24,129,7
2026-02-25,478,6
2026-02-26,3886,6
2026-02-27,1782,2
2026-03-02,579,12
2026-03-03,2888,18
2026-03-04,369,8
2026-03-05,44,3
2026-03-06,350,4
2026-03-09,120,6
2026-03-10,3778,18
2026-03-11,1118,11
2026-03-12,137,9
2026-03-13,32,2
2026-03-14,18,2
2026-03-17,1606,8
2026-03-18,124,5
2026-03-19,160,10
2026-03-20,24,3
2026-03-23,279,2
2026-03-24,232,6
2026-03-25,1390,10
2026-03-26,12,2
2026-03-27,569,5
2026-03-28,106,2
2026-03-30,246,2
2026-03-31,28,1
2026-04-01,142,2
2026-04-02,668,4
2026-04-03,644,1
2026-04-07,1908,6
2026-04-08,402,8
2026-04-09,249,2
2026-04-10,48,2
2026-04-13,18,2
2026-04-14,10,1
2026-04-16,582,5
2026-04-17,2,1
2026-04-21,27,1
